city,"Radio/
Transistor",Television,Bicycle,Scooter/ Motorcycle/Moped,Car/ Jeep/Van,tele/mobile,comp/laptop
BANGLORE,35.1152927120669,77.14778972520908,31.297132616487456,38.02807646356033,9.9636798088411,82.58888888888889,16.867025089605736
CHENNAI,35.148125,95.545625,35.09625,45.4075,12.754375,91.44562499999999,32.025625000000005
DELHI,32.74198675496689,86.58503311258278,33.36225165562914,39.259867549668876,19.55960264900662,89.66543046357616,26.296158940397348
HYDERABAD,32.52767295597484,84.97295597484278,26.381761006289306,50.685534591194966,14.407547169811322,90.61698113207548,31.620125786163523
KOLKATA,47.773972602739725,84.2568493150685,22.794520547945204,11.48013698630137,8.85068493150685,89.46986301369863,26.396575342465756
MUMBAI,36.87045454545454,86.03636363636363,8.972727272727273,19.945454545454545,14.04090909090909,94.96136363636364,35.875
